Reference,Qty,Manufacturer,MPN,Value,Footprint,Datasheet,Unit_Price_USD,Supplier_URL,Status
J1,1,GCT,USB4105-GF-A,USB4105-GF-A,Connector_USB:USB_C_Receptacle_GCT_USB4105-xx-A_16P_TopMnt_Horizontal,https://gct.co/files/specs/usb4105-spec.pdf,,,REFERENCE_REVIEW_REQUIRED
U3,1,Texas Instruments,BQ25628ERYKR,BQ25628ERYKR,Nightwave:TI_RYK0018A,https://www.ti.com/lit/ds/symlink/bq25628e.pdf,,,REFERENCE_REVIEW_REQUIRED
U4,1,Texas Instruments,TPS22965DSGR,TPS22965DSGR,Package_SON:Texas_DSG0008A_WSON-8-1EP_2x2mm_P0.5mm_EP0.9x1.6mm_ThermalVias,https://www.ti.com/lit/ds/symlink/tps22965.pdf,,,REFERENCE_REVIEW_REQUIRED
U5,1,Texas Instruments,TPS63802DLAR,TPS63802DLAR,Nightwave:TI_DLA0010A,https://www.ti.com/lit/ds/symlink/tps63802.pdf,,,REFERENCE_REVIEW_REQUIRED
U6,1,Texas Instruments,TPS63802DLAR,TPS63802DLAR,Nightwave:TI_DLA0010A,https://www.ti.com/lit/ds/symlink/tps63802.pdf,,,REFERENCE_REVIEW_REQUIRED
U7,1,Analog Devices,MAX17048G+T10,MAX17048G+T10,Package_DFN_QFN:TDFN-8-1EP_2x2mm_P0.5mm_EP0.8x1.2mm,https://www.analog.com/media/en/technical-documentation/data-sheets/MAX17048-MAX17049.pdf,,,REFERENCE_REVIEW_REQUIRED
J2,1,JST,S2B-PH-K-S,BATTERY_CONNECTOR,Connector_JST:JST_PH_S2B-PH-K_1x02_P2.00mm_Horizontal,https://www.jst-mfg.com/product/pdf/eng/ePH.pdf,,,REFERENCE_REVIEW_REQUIRED
J3,1,JST,S2B-PH-K-S,EXTERNAL_10K_NTC,Connector_JST:JST_PH_S2B-PH-K_1x02_P2.00mm_Horizontal,https://www.jst-mfg.com/product/pdf/eng/ePH.pdf,,,REFERENCE_REVIEW_REQUIRED
U1,1,Espressif Systems,ESP32-S3-WROOM-1-N16R8,ESP32-S3-WROOM-1-N16R8,RF_Module:ESP32-S3-WROOM-1,https://www.espressif.com/sites/default/files/documentation/esp32-s3-wroom-1_wroom-1u_datasheet_en.pdf,6.76,,REFERENCE_REVIEW_REQUIRED
J4,1,Molex,104031-0811,Molex 104031-0811,Connector_Card:microSD_HC_Molex_104031-0811,https://www.molex.com/en-us/products/part-detail/1040310811,2.21,,REFERENCE_REVIEW_REQUIRED
U8,1,Texas Instruments,PCM5102APWR,PCM5102APWR,Package_SO:Texas_PW0020A_TSSOP-20_4.4x6.5mm_P0.65mm,https://www.ti.com/lit/ds/symlink/pcm5102a.pdf,4.04,,REFERENCE_REVIEW_REQUIRED
U9,1,Texas Instruments,TPA6132A2RTER,TPA6132A2RTER,Package_DFN_QFN:VQFN-16-1EP_3x3mm_P0.5mm_EP1.6x1.6mm_ThermalVias,https://www.ti.com/lit/ds/symlink/tpa6132a2.pdf,1.10,,REFERENCE_REVIEW_REQUIRED
U10,1,Analog Devices,MAX98357AETE+T,MAX98357AETE+T,Package_DFN_QFN:TQFN-16-1EP_3x3mm_P0.5mm_EP1.23x1.23mm,https://www.analog.com/media/en/technical-documentation/data-sheets/MAX98357A-MAX98357B.pdf,,,REFERENCE_REVIEW_REQUIRED
J5,1,Same Sky,SJ3-350153AG-TR,SJ3-350153AG-TR,Nightwave:SameSky_SJ3-350153AG,https://www.sameskydevices.com/product/resource/sj3-35015x.pdf,,,REFERENCE_REVIEW_REQUIRED
J6,1,JST,S2B-PH-K-S,BTL_SPEAKER_CONNECTOR,Connector_JST:JST_PH_S2B-PH-K_1x02_P2.00mm_Horizontal,https://www.jst-mfg.com/product/pdf/eng/ePH.pdf,,,REFERENCE_REVIEW_REQUIRED
U11,1,Texas Instruments,TCA9535PWR,TCA9535PWR,Package_SO:TSSOP-24_4.4x7.8mm_P0.65mm,https://www.ti.com/lit/ds/symlink/tca9535.pdf,,,REFERENCE_REVIEW_REQUIRED
J7,1,JST,SM08B-GHS-TB(LF)(SN),TFT_24382_HARNESS,Connector_JST:JST_GH_SM08B-GHS-TB_1x08-1MP_P1.25mm_Horizontal,https://www.jst-mfg.com/product/pdf/eng/eGH.pdf,,,REFERENCE_REVIEW_REQUIRED
SW1,1,,PENDING_SELECTION,PREV,Button_Switch_SMD:SW_SPST_TL3342,,,,MPN_PENDING_SELECTION
SW2,1,,PENDING_SELECTION,PLAY_PAUSE,Button_Switch_SMD:SW_SPST_TL3342,,,,MPN_PENDING_SELECTION
SW3,1,,PENDING_SELECTION,NEXT,Button_Switch_SMD:SW_SPST_TL3342,,,,MPN_PENDING_SELECTION
SW4,1,,PENDING_SELECTION,VOL_DOWN,Button_Switch_SMD:SW_SPST_TL3342,,,,MPN_PENDING_SELECTION
SW5,1,,PENDING_SELECTION,VOL_UP,Button_Switch_SMD:SW_SPST_TL3342,,,,MPN_PENDING_SELECTION
U12,1,Microchip Technology,BM83SM1-00TA,BM83SM1-00TA,Nightwave:Microchip_BM83_GroundLands,https://ww1.microchip.com/downloads/en/DeviceDoc/BM83-Bluetooth-Stereo-Audio-Module-Data-Sheet-DS70005402D.pdf,12.20,,REFERENCE_REVIEW_REQUIRED
SW6,1,,PENDING_SELECTION,MAIN_POWER,Button_Switch_SMD:SW_SPDT_PCM12,,,,MPN_PENDING_SELECTION
J8,1,,PENDING_SELECTION,UART0_SERVICE,Connector_PinHeader_2.54mm:PinHeader_1x06_P2.54mm_Vertical,,,,MPN_PENDING_SELECTION
TP1,1,,NO_PURCHASE,VBUS5,TestPoint:TestPoint_Pad_D1.0mm,,,,PCB_FEATURE
TP2,1,,NO_PURCHASE,BAT,TestPoint:TestPoint_Pad_D1.0mm,,,,PCB_FEATURE
TP3,1,,NO_PURCHASE,SYS,TestPoint:TestPoint_Pad_D1.0mm,,,,PCB_FEATURE
TP4,1,,NO_PURCHASE,VSYS_SW,TestPoint:TestPoint_Pad_D1.0mm,,,,PCB_FEATURE
TP5,1,,NO_PURCHASE,+3V3,TestPoint:TestPoint_Pad_D1.0mm,,,,PCB_FEATURE
TP6,1,,NO_PURCHASE,+3V6_BT,TestPoint:TestPoint_Pad_D1.0mm,,,,PCB_FEATURE
TP7,1,,NO_PURCHASE,I2C_SDA,TestPoint:TestPoint_Pad_D1.0mm,,,,PCB_FEATURE
TP8,1,,NO_PURCHASE,I2C_SCL,TestPoint:TestPoint_Pad_D1.0mm,,,,PCB_FEATURE
TP9,1,,NO_PURCHASE,I2S_BCLK,TestPoint:TestPoint_Pad_D1.0mm,,,,PCB_FEATURE
TP10,1,,NO_PURCHASE,I2S_LRCLK,TestPoint:TestPoint_Pad_D1.0mm,,,,PCB_FEATURE
TP11,1,,NO_PURCHASE,I2S_DOUT,TestPoint:TestPoint_Pad_D1.0mm,,,,PCB_FEATURE
TP12,1,,NO_PURCHASE,GND,TestPoint:TestPoint_Pad_D1.0mm,,,,PCB_FEATURE
TP13,1,,NO_PURCHASE,BT_SERVICE_P34,TestPoint:TestPoint_Pad_D1.0mm,,,,PCB_FEATURE
TP14,1,,NO_PURCHASE,BT_LED,TestPoint:TestPoint_Pad_D1.0mm,,,,PCB_FEATURE
TP15,1,,NO_PURCHASE,BT_STATE,TestPoint:TestPoint_Pad_D1.0mm,,,,PCB_FEATURE
TP16,1,,NO_PURCHASE,HP_DETECT,TestPoint:TestPoint_Pad_D1.0mm,,,,PCB_FEATURE
R1,1,,PENDING_SELECTION,5.1k,Resistor_SMD:R_0603_1608Metric,,,,MPN_PENDING_SELECTION
R2,1,,PENDING_SELECTION,5.1k,Resistor_SMD:R_0603_1608Metric,,,,MPN_PENDING_SELECTION
R3,1,,PENDING_SELECTION,4.7k,Resistor_SMD:R_0603_1608Metric,,,,MPN_PENDING_SELECTION
R4,1,,PENDING_SELECTION,4.7k,Resistor_SMD:R_0603_1608Metric,,,,MPN_PENDING_SELECTION
R5,1,,PENDING_SELECTION,22,Resistor_SMD:R_0603_1608Metric,,,,MPN_PENDING_SELECTION
R6,1,,PENDING_SELECTION,22,Resistor_SMD:R_0603_1608Metric,,,,MPN_PENDING_SELECTION
R7,1,,PENDING_SELECTION,33,Resistor_SMD:R_0603_1608Metric,,,,MPN_PENDING_SELECTION
R8,1,,PENDING_SELECTION,33,Resistor_SMD:R_0603_1608Metric,,,,MPN_PENDING_SELECTION
R9,1,,PENDING_SELECTION,33,Resistor_SMD:R_0603_1608Metric,,,,MPN_PENDING_SELECTION
R10,1,,PENDING_SELECTION,33,Resistor_SMD:R_0603_1608Metric,,,,MPN_PENDING_SELECTION
R11,1,,PENDING_SELECTION,33,Resistor_SMD:R_0603_1608Metric,,,,MPN_PENDING_SELECTION
R12,1,,PENDING_SELECTION,33,Resistor_SMD:R_0603_1608Metric,,,,MPN_PENDING_SELECTION
R13,1,,PENDING_SELECTION,33,Resistor_SMD:R_0603_1608Metric,,,,MPN_PENDING_SELECTION
R14,1,,PENDING_SELECTION,33,Resistor_SMD:R_0603_1608Metric,,,,MPN_PENDING_SELECTION
R15,1,,PENDING_SELECTION,33,Resistor_SMD:R_0603_1608Metric,,,,MPN_PENDING_SELECTION
C1,1,,PENDING_SELECTION,10u,Capacitor_SMD:C_0603_1608Metric,,,,MPN_PENDING_SELECTION
C2,1,,PENDING_SELECTION,10u,Capacitor_SMD:C_0603_1608Metric,,,,MPN_PENDING_SELECTION
C3,1,,PENDING_SELECTION,22u,Capacitor_SMD:C_0603_1608Metric,,,,MPN_PENDING_SELECTION
C4,1,,PENDING_SELECTION,22u,Capacitor_SMD:C_0603_1608Metric,,,,MPN_PENDING_SELECTION
C5,1,,PENDING_SELECTION,22u,Capacitor_SMD:C_0603_1608Metric,,,,MPN_PENDING_SELECTION
C6,1,,PENDING_SELECTION,22u,Capacitor_SMD:C_0603_1608Metric,,,,MPN_PENDING_SELECTION
C7,1,,PENDING_SELECTION,10u,Capacitor_SMD:C_0603_1608Metric,,,,MPN_PENDING_SELECTION
C8,1,,PENDING_SELECTION,4.7u,Capacitor_SMD:C_0603_1608Metric,,,,MPN_PENDING_SELECTION
L1,1,Coilcraft,XFL4015-471MEC,0.47uH XFL4015-471MEC,Nightwave:Coilcraft_XFL4015,https://www.coilcraft.com/getmedia/84927b8b-f089-421b-a7f4-a0fa23afe908/xfl4015.pdf,,,REFERENCE_REVIEW_REQUIRED
L2,1,Coilcraft,XFL4015-471MEC,0.47uH XFL4015-471MEC,Nightwave:Coilcraft_XFL4015,https://www.coilcraft.com/getmedia/84927b8b-f089-421b-a7f4-a0fa23afe908/xfl4015.pdf,,,REFERENCE_REVIEW_REQUIRED
L3,1,Coilcraft,XFL4015-701MEC,0.7uH XFL4015-701MEC,Nightwave:Coilcraft_XFL4015,https://www.coilcraft.com/getmedia/84927b8b-f089-421b-a7f4-a0fa23afe908/xfl4015.pdf,,,REFERENCE_REVIEW_REQUIRED
R16,1,,PENDING_SELECTION,511k,Resistor_SMD:R_0603_1608Metric,,,,MPN_PENDING_SELECTION
R17,1,,PENDING_SELECTION,91k,Resistor_SMD:R_0603_1608Metric,,,,MPN_PENDING_SELECTION
R18,1,,PENDING_SELECTION,562k,Resistor_SMD:R_0603_1608Metric,,,,MPN_PENDING_SELECTION
R19,1,,PENDING_SELECTION,91k,Resistor_SMD:R_0603_1608Metric,,,,MPN_PENDING_SELECTION
R20,1,,PENDING_SELECTION,5.49k,Resistor_SMD:R_0603_1608Metric,,,,MPN_PENDING_SELECTION
R21,1,,PENDING_SELECTION,5.23k,Resistor_SMD:R_0603_1608Metric,,,,MPN_PENDING_SELECTION
R22,1,,PENDING_SELECTION,30.1k,Resistor_SMD:R_0603_1608Metric,,,,MPN_PENDING_SELECTION
R23,1,,PENDING_SELECTION,0,Resistor_SMD:R_0603_1608Metric,,,,MPN_PENDING_SELECTION
R24,1,,PENDING_SELECTION,10k,Resistor_SMD:R_0603_1608Metric,,,,MPN_PENDING_SELECTION
R25,1,,PENDING_SELECTION,10k,Resistor_SMD:R_0603_1608Metric,,,,MPN_PENDING_SELECTION
R26,1,,PENDING_SELECTION,10k,Resistor_SMD:R_0603_1608Metric,,,,MPN_PENDING_SELECTION
R27,1,,PENDING_SELECTION,10k,Resistor_SMD:R_0603_1608Metric,,,,MPN_PENDING_SELECTION
R28,1,,PENDING_SELECTION,10k,Resistor_SMD:R_0603_1608Metric,,,,MPN_PENDING_SELECTION
R29,1,,PENDING_SELECTION,10k,Resistor_SMD:R_0603_1608Metric,,,,MPN_PENDING_SELECTION
R30,1,,PENDING_SELECTION,0,Resistor_SMD:R_0603_1608Metric,,,,MPN_PENDING_SELECTION
R31,1,,PENDING_SELECTION,10k,Resistor_SMD:R_0603_1608Metric,,,,MPN_PENDING_SELECTION
R32,1,,PENDING_SELECTION,10k,Resistor_SMD:R_0603_1608Metric,,,,MPN_PENDING_SELECTION
R33,1,,PENDING_SELECTION,10k,Resistor_SMD:R_0603_1608Metric,,,,MPN_PENDING_SELECTION
R34,1,,PENDING_SELECTION,10k,Resistor_SMD:R_0603_1608Metric,,,,MPN_PENDING_SELECTION
R35,1,,PENDING_SELECTION,10k,Resistor_SMD:R_0603_1608Metric,,,,MPN_PENDING_SELECTION
R36,1,,PENDING_SELECTION,10k,Resistor_SMD:R_0603_1608Metric,,,,MPN_PENDING_SELECTION
R37,1,,PENDING_SELECTION,10k,Resistor_SMD:R_0603_1608Metric,,,,MPN_PENDING_SELECTION
R38,1,,PENDING_SELECTION,10k,Resistor_SMD:R_0603_1608Metric,,,,MPN_PENDING_SELECTION
R39,1,,PENDING_SELECTION,10k,Resistor_SMD:R_0603_1608Metric,,,,MPN_PENDING_SELECTION
R40,1,,PENDING_SELECTION,10k,Resistor_SMD:R_0603_1608Metric,,,,MPN_PENDING_SELECTION
R41,1,,PENDING_SELECTION,10k,Resistor_SMD:R_0603_1608Metric,,,,MPN_PENDING_SELECTION
R42,1,,PENDING_SELECTION,10k,Resistor_SMD:R_0603_1608Metric,,,,MPN_PENDING_SELECTION
R43,1,,PENDING_SELECTION,10k,Resistor_SMD:R_0603_1608Metric,,,,MPN_PENDING_SELECTION
R44,1,,PENDING_SELECTION,10k,Resistor_SMD:R_0603_1608Metric,,,,MPN_PENDING_SELECTION
R45,1,,PENDING_SELECTION,10k,Resistor_SMD:R_0603_1608Metric,,,,MPN_PENDING_SELECTION
R46,1,,PENDING_SELECTION,10k,Resistor_SMD:R_0603_1608Metric,,,,MPN_PENDING_SELECTION
R47,1,,PENDING_SELECTION,10k,Resistor_SMD:R_0603_1608Metric,,,,MPN_PENDING_SELECTION
C9,1,,PENDING_SELECTION,47n/10V,Capacitor_SMD:C_0805_2012Metric,,,,MPN_PENDING_SELECTION
C10,1,,PENDING_SELECTION,10u/25V,Capacitor_SMD:C_0805_2012Metric,,,,MPN_PENDING_SELECTION
C11,1,,PENDING_SELECTION,10u/10V,Capacitor_SMD:C_0805_2012Metric,,,,MPN_PENDING_SELECTION
C12,1,,PENDING_SELECTION,22u/10V,Capacitor_SMD:C_0805_2012Metric,,,,MPN_PENDING_SELECTION
C13,1,,PENDING_SELECTION,10u/10V,Capacitor_SMD:C_0805_2012Metric,,,,MPN_PENDING_SELECTION
C14,1,,PENDING_SELECTION,22u/10V,Capacitor_SMD:C_0805_2012Metric,,,,MPN_PENDING_SELECTION
C15,1,,PENDING_SELECTION,100n/10V,Capacitor_SMD:C_0805_2012Metric,,,,MPN_PENDING_SELECTION
C16,1,,PENDING_SELECTION,100n/10V,Capacitor_SMD:C_0805_2012Metric,,,,MPN_PENDING_SELECTION
C17,1,,PENDING_SELECTION,10u/10V,Capacitor_SMD:C_0805_2012Metric,,,,MPN_PENDING_SELECTION
C18,1,,PENDING_SELECTION,1u/10V,Capacitor_SMD:C_0805_2012Metric,,,,MPN_PENDING_SELECTION
C19,1,,PENDING_SELECTION,100n/10V,Capacitor_SMD:C_0805_2012Metric,,,,MPN_PENDING_SELECTION
C20,1,,PENDING_SELECTION,10u/10V,Capacitor_SMD:C_0805_2012Metric,,,,MPN_PENDING_SELECTION
C21,1,,PENDING_SELECTION,2.2u/10V,Capacitor_SMD:C_0805_2012Metric,,,,MPN_PENDING_SELECTION
C22,1,,PENDING_SELECTION,2.2u/10V,Capacitor_SMD:C_0805_2012Metric,,,,MPN_PENDING_SELECTION
C23,1,,PENDING_SELECTION,100n/10V,Capacitor_SMD:C_0805_2012Metric,,,,MPN_PENDING_SELECTION
C24,1,,PENDING_SELECTION,100n/10V,Capacitor_SMD:C_0805_2012Metric,,,,MPN_PENDING_SELECTION
C25,1,,PENDING_SELECTION,100n/10V,Capacitor_SMD:C_0805_2012Metric,,,,MPN_PENDING_SELECTION
C26,1,,PENDING_SELECTION,1u/10V,Capacitor_SMD:C_0805_2012Metric,,,,MPN_PENDING_SELECTION
C27,1,,PENDING_SELECTION,1u/10V,Capacitor_SMD:C_0805_2012Metric,,,,MPN_PENDING_SELECTION
C28,1,,PENDING_SELECTION,2.2u/10V,Capacitor_SMD:C_0805_2012Metric,,,,MPN_PENDING_SELECTION
C29,1,,PENDING_SELECTION,1u/10V,Capacitor_SMD:C_0805_2012Metric,,,,MPN_PENDING_SELECTION
C30,1,,PENDING_SELECTION,1u/10V,Capacitor_SMD:C_0805_2012Metric,,,,MPN_PENDING_SELECTION
C31,1,,PENDING_SELECTION,100n/10V,Capacitor_SMD:C_0805_2012Metric,,,,MPN_PENDING_SELECTION
C32,1,,PENDING_SELECTION,100n/10V,Capacitor_SMD:C_0805_2012Metric,,,,MPN_PENDING_SELECTION
C33,1,,PENDING_SELECTION,10u/10V,Capacitor_SMD:C_0805_2012Metric,,,,MPN_PENDING_SELECTION
C34,1,,PENDING_SELECTION,100n/10V,Capacitor_SMD:C_0805_2012Metric,,,,MPN_PENDING_SELECTION
C35,1,,PENDING_SELECTION,10u/10V,Capacitor_SMD:C_0805_2012Metric,,,,MPN_PENDING_SELECTION
C36,1,,PENDING_SELECTION,10u/10V,Capacitor_SMD:C_0805_2012Metric,,,,MPN_PENDING_SELECTION
C37,1,,PENDING_SELECTION,100n/10V,Capacitor_SMD:C_0805_2012Metric,,,,MPN_PENDING_SELECTION
R48,1,,PENDING_SELECTION,10k,Resistor_SMD:R_0603_1608Metric,,,,MPN_PENDING_SELECTION
R49,1,,PENDING_SELECTION,10k,Resistor_SMD:R_0603_1608Metric,,,,MPN_PENDING_SELECTION
R50,1,,PENDING_SELECTION,10k,Resistor_SMD:R_0603_1608Metric,,,,MPN_PENDING_SELECTION
R51,1,,PENDING_SELECTION,47k,Resistor_SMD:R_0603_1608Metric,,,,MPN_PENDING_SELECTION
OFFBOARD_BAT,1,Adafruit,5035,Protected 1S 10050mAh; connector limited to 2 A; polarity/pack fit pending,OFF_BOARD_NOT_A_PCB_FOOTPRINT,https://www.adafruit.com/product/5035,29.95,https://www.adafruit.com/product/5035,OFFBOARD_REFERENCE_REVIEW_REQUIRED
OFFBOARD_SPK,1,Same Sky,CMS-28528N-L152,Speaker; terminate harness for J6,OFF_BOARD_NOT_A_PCB_FOOTPRINT,https://www.sameskydevices.com/product/resource/cms-28528n-l152.pdf,4.76,https://www.sameskydevices.com/product/resource/cms-28528n-l152.pdf,OFFBOARD_REFERENCE_REVIEW_REQUIRED
OFFBOARD_TFT,1,Waveshare,24382,240x280 TFT module; custom J7 harness,OFF_BOARD_NOT_A_PCB_FOOTPRINT,https://www.waveshare.com/wiki/1.69inch_LCD_Module,9.49,https://www.waveshare.com/wiki/1.69inch_LCD_Module,OFFBOARD_REFERENCE_REVIEW_REQUIRED
OFFBOARD_NTC,1,,PENDING_SELECTION,"10k NTC; verify B curve, tolerances and insulated battery attachment",OFF_BOARD_NOT_A_PCB_FOOTPRINT,,,,OFFBOARD_REFERENCE_REVIEW_REQUIRED
OFFBOARD_HARNESS,1,,PENDING_SELECTION,"PH/GH housings, contacts and wires; polarity and wire rating review required",OFF_BOARD_NOT_A_PCB_FOOTPRINT,,,,OFFBOARD_REFERENCE_REVIEW_REQUIRED
