Section,Manufacturer,Manufacturer_Part_Number,Description,Qty,Unit_Price_USD,Extended_Price_USD,Supplier,Supplier_URL,Availability_Snapshot,Decision_Status,Notes,Package,Datasheet_URL,Footprint_Information,Power_Role,Interface_Role
Candidate PCB,Espressif Systems,ESP32-S3-WROOM-1-N16R8,S3 main MCU 16 MB flash 8 MB PSRAM,1,6.76,6.76,DigiKey,https://www.digikey.com/en/products/detail/espressif-systems/ESP32-S3-WROOM-1-N16R8/15295894,2026-09-29 historical backorder snapshot; recheck,RETAINED_BY_BD14,Exact flash variant remains sourcing review; legacy bench map not final,Castellated module,https://www.espressif.com/sites/default/files/documentation/esp32-s3-wroom-1_wroom-1u_datasheet_en.pdf,Manufacturer land pattern and antenna keepout; builder verify pad map,Regulated 3.3 V main load,SDMMC I2S UART SPI I2C USB
Candidate PCB,Texas Instruments,PCM5102APWR,Stereo line DAC,1,4.04,4.04,DigiKey,https://www.digikey.com/en/products/detail/texas-instruments/PCM5102APWR/3788628,2026-09-29 historical stock 1140; recheck,CANDIDATE,Not a direct headphone driver,TSSOP-20 PW,https://www.ti.com/lit/ds/symlink/pcm5102a.pdf,TI PW package drawing; builder pad/orientation verification,3.3 V analog and digital; mute/rail policy pending,I2S to stereo analog
Candidate PCB,Texas Instruments,TPA6132A2RTER,Stereo headphone amplifier,1,1.10,1.10,DigiKey,https://www.digikey.com/en/products/detail/texas-instruments/TPA6132A2RTER/2121537,2026-09-29 historical stock 1760; recheck,CANDIDATE,Gain and output ceiling need builder review,WQFN-16 RTE 3x3 mm,https://www.ti.com/lit/ds/symlink/tpa6132a2.pdf,TI RTE land pattern including exposed pad,Headphone path supply and enable,Analog stereo input and TRS output
Candidate PCB,Analog Devices,MAX98360CEFB+T,Mono I2S class-D amplifier,1,1.33,1.33,Analog Devices,https://www.analog.com/en/products/max98360a-max98360b-max98360c-max98360d.html,2026-09-29 manufacturer price class; exact stock/price recheck,CANDIDATE,Do not substitute CENL WLP pin map; BTL outputs never grounded,10-pin FC2QFN EFB,https://www.analog.com/media/en/technical-documentation/data-sheets/MAX98360A-MAX98360D.pdf,Manufacturer EFB drawing and numbered pin map; assembly review,System speaker rail with shutdown,I2S and differential speaker load
Candidate PCB,Microchip Technology,BM83SM1-00TA,AT-preprogrammed A2DP source radio module,1,12.20,12.20,DigiKey,https://www.digikey.com/en/products/detail/microchip-technology/BM83SM1-00TA/12807564,2026-10-02 stock 30; 17 week standard lead,BUILDER_SELECTED_BD14,AT package/UART mapping and physical source validation pending; disable internal charger,50-pad SMD module 32x15x2.5 mm,https://ww1.microchip.com/downloads/en/DeviceDoc/BM83-Bluetooth-Stereo-Audio-Module-Data-Sheet-DS70005402D.pdf,Manufacturer BM83 pad pattern plus antenna keepout; no final footprint authored,Qualified module rail shutdown and backfeed isolation pending,44.1/48 kHz I2S input UART MFB/P0_0 wake provisioning
Pending PCB,Builder choice,PENDING_DISPLAY_BD15,Readable SPI display; Waveshare 24382 or Adafruit 3787,1,,,Maker,https://www.waveshare.com/product/1.69inch-lcd-module.htm,2026-10-02 A USD9.49 stock unknown; B USD17.50 stock2,PENDING_BUILDER_SELECTION,Old SP12864-13 OLED removed from product BOM; compare docs/display-selection.md,Pending module and connector selection,https://www.waveshare.com/wiki/1.69inch_LCD_Module,Pending chosen module drawing thickness cable and connector; no OLED cutout,Display logic and PWM backlight pending budget,SPI MOSI SCLK CS DC reset backlight
Candidate PCB,Texas Instruments,BQ25185DLHR,Single-cell power-path charger candidate,1,2.28,2.28,DigiKey,https://www.digikey.com/en/products/detail/texas-instruments/BQ25185DLHR/16834981,2026-09-29 historical stock 16473; recheck,REVIEW_REQUIRED,Not charger lock; safety timer/source/thermal conflict; BQ25628E alternative pending,WSON-10 DLH 2.2x2 mm,https://www.ti.com/lit/ds/symlink/bq25185.pdf,TI DLH land pattern plus thermal pad; trace exact revision,USB to protected cell and system power path,Status ILIM ISET VSET TS
Candidate PCB,Texas Instruments,TPS63802DLAR,3.3 V buck-boost regulator candidate,1,3.00,3.00,DigiKey,https://www.digikey.com/en/products/detail/texas-instruments/TPS63802DLAR/10273184,2026-09-29 historical stock 16848; recheck,REVIEW_REQUIRED,Low-cell transients and effective capacitance need new product budget,VSON-HR-10 DLA plus exposed pad,https://www.ti.com/lit/ds/symlink/tps63802.pdf,TI DLA land pattern and high-current loop layout,3.3 V conversion,Enable feedback power-good
Candidate PCB,Analog Devices,MAX17048G+T10,Fuel gauge candidate,1,4.61,4.61,DigiKey,https://www.digikey.com/en/products/detail/analog-devices-inc-maxim-integrated/MAX17048G-T10/3758921,2026-09-29 historical stock 24490; recheck,CANDIDATE,VDD senses protected cell; not powered as 3.3 V peripheral,TDFN-8,https://www.analog.com/media/en/technical-documentation/data-sheets/MAX17048-MAX17049.pdf,Manufacturer G package land pattern; builder review,Protected cell sensing,I2C and optional alert
Candidate PCB,Same Sky,SJ-3503-SMT-TR,Stereo 3.5 mm jack,1,1.38,1.38,DigiKey,https://www.digikey.com/en/products/detail/same-sky-formerly-cui-devices/SJ-3503-SMT-TR/2625162,2026-09-29 historical stock 18421; recheck,CANDIDATE,Audio switches do not establish isolated digital insertion detection,SMT mid-mount mechanical,https://www.sameskydevices.com/product/resource/sj-3503-smt-tr.pdf,Exact maker pad/hole/cutout drawing; continuity review,Passive headphone connector,Tip ring sleeve and audio switch contacts
Candidate PCB,Molex,104031-0811,microSD socket with card detect,1,2.21,2.21,DigiKey,https://www.digikey.com/en/products/detail/molex/104031-0811/5029382,2026-09-29 historical stock 17181; recheck,CANDIDATE,Pullups and insertion clearance required,SMT push-pull socket,https://www.molex.com/en-us/products/part-detail/1040310811,Exact Molex sales drawing footprint/card travel/detect map,3.3 V SD card rail,1-bit SDMMC and detect
Candidate PCB,Same Sky,CMS-28528N-L152,28 mm 8 ohm 2 W speaker,1,4.76,4.76,DigiKey,https://www.digikey.com/en/products/detail/same-sky-formerly-cui-devices/CMS-28528N-L152/9561796,2026-09-29 historical stock 1374; recheck,CANDIDATE,Base suffix wire leads; acoustic cavity must be validated,28x5.2 mm speaker wire leads,https://www.sameskydevices.com/product/resource/cms-28528n-l152.pdf,Mechanical envelope gasket and separately selected connector,Speaker amplifier load,Differential BTL leads
Candidate PCB,GCT,USB4105-GF-A,USB-C service/charge receptacle,1,,,Mouser,https://www.mouser.com/ProductDetail/GCT/USB4105-GF-A,Historical active listing; price/stock recheck,CANDIDATE,Native USB service reserved; source-current policy pending,16-contact SMT plus shell stakes,https://gct.co/files/specs/usb4105-spec.pdf,Exact GF-A suffix drawing and plated/nonplated hole map,5 V input and source policy,USB2 D+/D- and independent CC1 CC2 Rd
Pending PCB,Builder choice,PENDING_BATTERY_SELECTION,Protected rechargeable 1S battery sized after BD15 power model,1,,,Pending documented pack source,,Pending ratings price stock NTC polarity envelope,PENDING_BUILDER_SELECTION,Old 2500/6600 mAh candidates not authoritative and not in core subtotal,Pending protected pack and keyed connector,Pending chosen supplier electrical/current/charge datasheet,Pending cell envelope retention connector polarity,Energy store and protection,Charger fuel sensing NTC
Pending PCB,Builder choice,PENDING_GPIO_STRATEGY,Combined BM83 and TFT GPIO expansion/reallocation,1,,,Pending exact component source,,Pending combined pin strategy,PENDING_BUILDER_SELECTION,Existing four spare GPIO insufficient for all new controls; no USB/strap/PSRAM reuse assumed,Pending expander or reviewed pin strategy,Pending selected strategy datasheets,Pending footprint or reviewed reuse drawing,3.3 V control load and powered-off isolation,Buttons/status/wake/reset control
Pending PCB,Builder choice,PENDING_SUPPORT_PARTS,Inductor effective capacitors feedback current-set NTC USB Rd ESD switches and keyed connectors,1,,,Pending exact approved suppliers,,Selections incomplete,PENDING_BUILDER_SELECTION,Must split into exact rows before circuit/BOM release; not hidden in priced total,Pending each exact package,Pending each exact component datasheet,Pending each exact land pattern and pin map,Power conversion protection source policy sensing and shutdown,USB power analog GPIO I2C and external connectors
Fabrication,Builder choice,PENDING_PCB_FAB,Four-layer PCB fabrication/assembly,1,,,Pending fab,,Quote and stackup pending,PENDING_BUILDER_SELECTION,Not a final board design or authorized order,Pending stackup,Pending fab capability document,Builder-owned PCB and fab stackup,PCB interconnect,Manufacturing
Mechanical,Builder choice,PENDING_ENCLOSURE,Serviceable enclosure lens mounts and hardware,1,,,Pending material supplier,,Design not started,PENDING_BUILDER_SELECTION,Builder authors final CAD; chosen display/pack drawings required,Pending material and fixtures,Pending material and fixture data,Builder-owned editable enclosure,Thermal and mechanical role,Controls ports acoustic/RF clearance
Summary,NA,PRICED_CORE_SUBTOTAL,Subtotal of captured candidate and selected-module prices,1,,43.67,NA,NA,2026-10-02 mixed dated research snapshots,PRELIMINARY,Not an order total; excludes display battery support parts PCB assembly enclosure delivery and tax,NA,NA,NA,NA,NA
