ID,Stage,Category,Manufacturer,Manufacturer_Part_Number,Description,Qty,Unit_Price_USD,Extended_Price_USD,Supplier,Supplier_URL,Availability_Checked_2026-09-30,Required,Alternative,Notes
P01,All,Controller,Espressif Systems,ESP32-S3-DevKitC-1-N8R8,Official ESP32-S3 development board with 8 MB flash and 8 MB PSRAM,1,15.00,15.00,Mouser,https://www.mouser.com/en/ProductDetail/Espressif-Systems/ESP32-S3-DevKitC-1-N8R8,In stock 1127,YES,DigiKey 1965-ESP32-S3-DEVKITC-1-N8R8-ND is backordered,Record board revision because v1.1 uses GPIO38 for RGB LED
P02,SD,Storage,SparkFun Electronics,BOB-00544,Raw microSD Transflash breakout with all SD data pins exposed,1,5.95,5.95,SparkFun,https://www.sparkfun.com/sparkfun-microsd-transflash-breakout.html,In stock,YES,DigiKey 1568-00544-ND,3.3 V only; no level shifter and no mechanical card-detect switch
P03,Headphone,DAC,Adafruit Industries,6250,PCM5102 I2S stereo line-level DAC breakout,1,4.95,4.95,DigiKey,https://www.digikey.com/en/products/detail/adafruit-industries-llc/6250/26249971,In stock 457,YES,Adafruit direct was out of stock,Line output is rated for loads of at least 1 kohm and must not drive headphones directly
P04,Headphone,Headphone amplifier,Texas Instruments,TPA6132A2EVM2,TPA6132A2 stereo DirectPath headphone amplifier evaluation module,1,,,Texas Instruments,https://www.ti.com/tool/TPA6132A2EVM2,TI page reports unavailable for direct order,YES,Build the reviewed MIT breakout at https://github.com/AdamKeher/TPA6132A2RTER-Breakout only after human review,Do not substitute an unlabeled marketplace board; obtain quote before purchase
P04A,Headphone,Alternative headphone prototype,Adafruit Industries,6309,TLV320DAC3100 I2S DAC with stereo headphone output,1,6.95,6.95,Adafruit,https://www.adafruit.com/product/6309,In stock at check time,PROVISIONAL ALTERNATIVE,TPA6132A2EVM2 if a documented unit becomes available,Bench-only alternate path; requires I2C configuration and does not validate final PCM5102A plus TPA6132A2 architecture
P05,Speaker,Speaker amplifier,Adafruit Industries,3006,MAX98357A mono I2S Class-D amplifier breakout,1,5.95,5.95,Adafruit,https://www.adafruit.com/product/3006,In stock,YES,Exact MAX98357A breakout from an authorized distributor,Prototype proxy for the final MAX98360C path; BTL output is never grounded
P06,UI,Display,Adafruit Industries,938,1.3 inch 128x64 SSD1306 OLED I2C breakout,1,19.95,19.95,Adafruit,https://www.adafruit.com/product/938,In stock,YES,Final controller remains provisional SH1106,Known breakout and pinout are preferred over an ambiguous SH1106 marketplace module
P07,Input,Buttons,Adafruit Industries,367,6 mm normally-open tactile button pack of 20,1,2.50,2.50,Adafruit,https://www.adafruit.com/product/367,In stock,YES,Any documented normally-open breadboard switch,Use five buttons; remaining switches are spares
P08,Speaker,Transducer,Adafruit Industries,6486,36 mm 8 ohm 2 W speaker with wires,1,1.95,1.95,Adafruit,https://www.adafruit.com/product/6486,In stock,YES,Any documented 8 ohm speaker rated at least 2 W,Keep initial amplifier gain and digital volume low
P09,Interconnect,Breadboard,Adafruit Industries,239,Full-size 830-tie-point solderless breadboard,1,5.95,5.95,Adafruit,https://www.adafruit.com/product/239,In stock,YES,Equivalent reputable full-size breadboard,DevKitC may require a second breadboard or side rail because of board width
P10,Interconnect,Jumpers,Adafruit Industries,1957,Premium male-to-male jumper wires 20 x 150 mm,1,1.95,1.95,Adafruit,https://www.adafruit.com/product/1957,In stock,YES,Short 22 AWG solid-core jumpers,Keep I2S and SD wiring short
P11,Interconnect,USB cable,Adafruit Industries,898,USB-A to Micro-B data cable 165 mm,1,2.95,2.95,Adafruit,https://www.adafruit.com/product/898,In stock,YES,Cable matching the verified DevKitC revision,Official guide identifies the USB-to-UART connector as Micro-USB
P12,SD,Pull-up resistor,Stackpole Electronics,CF14JT10K0,10 kohm 5 percent 0.25 W axial resistor,5,0.10,0.50,DigiKey,https://www.digikey.com/en/products/detail/stackpole-electronics-inc/CF14JT10K0/1741265,In stock 389046,YES,Any 10 kohm through-hole resistor,One each from CMD and DAT0-DAT3 to 3.3 V
P13,Storage,Test media,BUILDER-SUPPLIED,RECORDED-AT-GATE,8 to 32 GB microSDHC card formatted FAT32,1,,,,,Exact make and model must be recorded,YES,None,Do not assume counterfeit-card performance
P14,Headphone,Load,BUILDER-SUPPLIED,RECORDED-AT-GATE,Wired stereo headphones 32 ohm or higher for first test,1,,,,,Exact model and impedance must be recorded,YES,None,Begin at mute and zero digital volume
P15,Power,Test equipment,BUILDER-SUPPLIED,RECORDED-AT-GATE,Current-limited 5 V bench supply or powered USB source rated 2 A plus DMM,1,,,,,Availability must be confirmed,YES,None,No lithium battery is used in the first audio proof
SUMMARY,NA,NA,NA,KNOWN_PRICED_SUBTOTAL,Subtotal of rows with captured prices; includes optional P04A but excludes P04 P13 P14 P15 tax and shipping,1,,74.55,NA,NA,NA,NA,NA,This is not a purchase authorization or final project cost
