Ref,Val,Package,PosX,PosY,Rot,Side
"C1","10u","C_0603_1608Metric",1.318898,-2.263780,0.000000,top
"C2","10u","C_0603_1608Metric",1.692913,-2.283465,0.000000,top
"C3","22u","C_0603_1608Metric",1.771654,-2.125984,0.000000,top
"C4","22u","C_0603_1608Metric",2.165354,-2.263780,0.000000,top
"C5","22u","C_0603_1608Metric",2.696850,-2.125984,0.000000,top
"C6","22u","C_0603_1608Metric",3.208661,-2.125984,0.000000,top
"C7","10u","C_0603_1608Metric",2.795276,-1.968504,0.000000,top
"C8","4.7u","C_0603_1608Metric",1.456693,-2.283465,0.000000,top
"C9","47n/10V","C_0805_2012Metric",1.417323,-2.173228,0.000000,top
"C10","10u/25V","C_0805_2012Metric",1.397638,-2.027559,0.000000,top
"C11","10u/10V","C_0805_2012Metric",2.421260,-2.125984,0.000000,top
"C12","22u/10V","C_0805_2012Metric",2.696850,-2.283465,0.000000,top
"C13","10u/10V","C_0805_2012Metric",2.933071,-2.125984,0.000000,top
"C14","22u/10V","C_0805_2012Metric",3.208661,-2.283465,0.000000,top
"C15","100n/10V","C_0805_2012Metric",2.047244,-2.362205,0.000000,top
"C16","100n/10V","C_0805_2012Metric",0.531496,-2.007874,0.000000,top
"C17","10u/10V","C_0805_2012Metric",0.531496,-1.909449,0.000000,top
"C18","1u/10V","C_0805_2012Metric",0.295276,-1.909449,0.000000,top
"C19","100n/10V","C_0805_2012Metric",2.322835,-1.141732,0.000000,top
"C20","10u/10V","C_0805_2012Metric",2.480315,-1.141732,0.000000,top
"C21","2.2u/10V","C_0805_2012Metric",2.322835,-2.480315,0.000000,top
"C22","2.2u/10V","C_0805_2012Metric",2.185039,-2.716535,0.000000,top
"C23","100n/10V","C_0805_2012Metric",2.696850,-2.598425,0.000000,top
"C24","100n/10V","C_0805_2012Metric",2.696850,-2.716535,0.000000,top
"C25","100n/10V","C_0805_2012Metric",2.559055,-2.480315,0.000000,top
"C26","1u/10V","C_0805_2012Metric",2.893701,-2.598425,0.000000,top
"C27","1u/10V","C_0805_2012Metric",2.893701,-2.716535,0.000000,top
"C28","2.2u/10V","C_0805_2012Metric",3.248031,-2.598425,0.000000,top
"C29","1u/10V","C_0805_2012Metric",2.795276,-2.440945,0.000000,top
"C30","1u/10V","C_0805_2012Metric",2.952756,-2.440945,0.000000,top
"C31","100n/10V","C_0805_2012Metric",3.248031,-2.716535,0.000000,top
"C32","100n/10V","C_0805_2012Metric",3.503937,-2.519685,0.000000,top
"C33","10u/10V","C_0805_2012Metric",3.740157,-2.519685,0.000000,top
"C34","100n/10V","C_0805_2012Metric",1.889764,-2.913386,0.000000,top
"C35","10u/10V","C_0805_2012Metric",1.318898,-1.909449,0.000000,top
"C36","10u/10V","C_0805_2012Metric",3.484252,-1.417323,0.000000,top
"C37","100n/10V","C_0805_2012Metric",3.779528,-1.594488,0.000000,top
"J1","USB4105-GF-A","USB_C_Receptacle_GCT_USB4105-xx-A_16P_TopMnt_Horizontal",0.341535,-2.283465,-90.000000,top
"J2","BATTERY_CONNECTOR","JST_PH_S2B-PH-K_1x02_P2.00mm_Horizontal",3.464567,-1.692913,0.000000,top
"J3","EXTERNAL_10K_NTC","JST_PH_S2B-PH-K_1x02_P2.00mm_Horizontal",3.464567,-2.125984,0.000000,top
"J4","Molex 104031-0811","microSD_HC_Molex_104031-0811",2.500000,-0.708661,0.000000,top
"J5","SJ3-350153AG-TR","SameSky_SJ3-350153AG",4.440945,-2.598425,-90.000000,top
"J6","BTL_SPEAKER_CONNECTOR","JST_PH_S2B-PH-K_1x02_P2.00mm_Horizontal",4.212598,-3.031496,0.000000,top
"J7","TFT_24382_HARNESS","JST_GH_SM08B-GHS-TB_1x08-1MP_P1.25mm_Horizontal",0.925197,-2.007874,0.000000,top
"J8","UART0_SERVICE","PinHeader_1x06_P2.54mm_Vertical",0.629921,-2.244094,0.000000,top
"L1","0.47uH XFL4015-471MEC","Coilcraft_XFL4015",2.559055,-1.968504,0.000000,top
"L2","0.47uH XFL4015-471MEC","Coilcraft_XFL4015",3.070866,-1.968504,0.000000,top
"L3","0.7uH XFL4015-701MEC","Coilcraft_XFL4015",1.574803,-1.968504,0.000000,top
"R1","5.1k","R_0603_1608Metric",0.984252,-2.283465,0.000000,top
"R2","5.1k","R_0603_1608Metric",0.846457,-2.224409,0.000000,top
"R3","4.7k","R_0603_1608Metric",0.984252,-2.204724,0.000000,top
"R4","4.7k","R_0603_1608Metric",1.122047,-2.185039,0.000000,top
"R5","22","R_0603_1608Metric",2.342520,-1.397638,0.000000,top
"R6","22","R_0603_1608Metric",2.381890,-1.318898,0.000000,top
"R7","33","R_0603_1608Metric",2.086614,-2.952756,0.000000,top
"R8","33","R_0603_1608Metric",2.224409,-2.952756,0.000000,top
"R9","33","R_0603_1608Metric",2.362205,-2.992126,0.000000,top
"R10","33","R_0603_1608Metric",2.519685,-2.992126,0.000000,top
"R11","33","R_0603_1608Metric",2.598425,-2.874016,0.000000,top
"R12","33","R_0603_1608Metric",2.716535,-2.952756,0.000000,top
"R13","33","R_0603_1608Metric",3.720472,-2.263780,0.000000,top
"R14","33","R_0603_1608Metric",3.779528,-2.047244,0.000000,top
"R15","33","R_0603_1608Metric",3.818898,-2.125984,0.000000,top
"R16","511k","R_0603_1608Metric",2.519685,-2.283465,0.000000,top
"R17","91k","R_0603_1608Metric",2.519685,-2.362205,0.000000,top
"R18","562k","R_0603_1608Metric",2.874016,-2.283465,0.000000,top
"R19","91k","R_0603_1608Metric",3.011811,-2.342520,0.000000,top
"R20","5.49k","R_0603_1608Metric",1.535433,-2.362205,0.000000,top
"R21","5.23k","R_0603_1608Metric",1.673228,-2.362205,0.000000,top
"R22","30.1k","R_0603_1608Metric",1.811024,-2.362205,0.000000,top
"R23","0","R_0603_1608Metric",0.374016,-2.027559,0.000000,top
"R24","10k","R_0603_1608Metric",0.826772,-2.303150,0.000000,top
"R25","10k","R_0603_1608Metric",1.751969,-1.948819,0.000000,top
"R26","10k","R_0603_1608Metric",3.149606,-2.381890,0.000000,top
"R27","10k","R_0603_1608Metric",3.602362,-2.913386,0.000000,top
"R28","10k","R_0603_1608Metric",3.070866,-2.913386,0.000000,top
"R29","10k","R_0603_1608Metric",2.440945,-2.913386,0.000000,top
"R30","0","R_0603_1608Metric",2.283465,-2.381890,0.000000,top
"R31","10k","R_0603_1608Metric",1.181102,-3.110236,0.000000,top
"R32","10k","R_0603_1608Metric",1.338583,-3.110236,0.000000,top
"R33","10k","R_0603_1608Metric",1.496063,-3.129921,0.000000,top
"R34","10k","R_0603_1608Metric",1.653543,-3.129921,0.000000,top
"R35","10k","R_0603_1608Metric",1.811024,-3.129921,0.000000,top
"R36","10k","R_0603_1608Metric",1.968504,-3.110236,0.000000,top
"R37","10k","R_0603_1608Metric",1.181102,-3.208661,0.000000,top
"R38","10k","R_0603_1608Metric",1.338583,-3.208661,0.000000,top
"R39","10k","R_0603_1608Metric",1.496063,-3.208661,0.000000,top
"R40","10k","R_0603_1608Metric",1.653543,-3.208661,0.000000,top
"R41","10k","R_0603_1608Metric",1.811024,-3.208661,0.000000,top
"R42","10k","R_0603_1608Metric",1.968504,-3.208661,0.000000,top
"R43","10k","R_0603_1608Metric",1.181102,-3.287402,0.000000,top
"R44","10k","R_0603_1608Metric",1.338583,-3.287402,0.000000,top
"R45","10k","R_0603_1608Metric",1.496063,-3.287402,0.000000,top
"R46","10k","R_0603_1608Metric",1.653543,-3.287402,0.000000,top
"R47","10k","R_0603_1608Metric",1.811024,-3.307087,0.000000,top
"R48","10k","R_0603_1608Metric",2.401575,-1.240157,0.000000,top
"R49","10k","R_0603_1608Metric",2.559055,-1.240157,0.000000,top
"R50","10k","R_0603_1608Metric",2.716535,-1.220472,0.000000,top
"R51","47k","R_0603_1608Metric",3.740157,-2.913386,0.000000,top
"SW1","PREV","SW_SPST_TL3342",0.984252,-3.464567,0.000000,top
"SW2","PLAY_PAUSE","SW_SPST_TL3342",1.535433,-3.464567,0.000000,top
"SW3","NEXT","SW_SPST_TL3342",2.086614,-3.464567,0.000000,top
"SW4","VOL_DOWN","SW_SPST_TL3342",2.637795,-3.464567,0.000000,top
"SW5","VOL_UP","SW_SPST_TL3342",3.188976,-3.464567,0.000000,top
"SW6","MAIN_POWER","SW_SPDT_PCM12",0.393701,-2.933071,0.000000,top
"U1","ESP32-S3-WROOM-1-N16R8","ESP32-S3-WROOM-1",1.259843,-1.318898,0.000000,top
"U3","BQ25628ERYKR","TI_RYK0018A",1.574803,-2.165354,0.000000,top
"U4","TPS22965DSGR","Texas_DSG0008A_WSON-8-1EP_2x2mm_P0.5mm_EP0.9x1.6mm_ThermalVias",2.047244,-2.165354,0.000000,top
"U5","TPS63802DLAR","TI_DLA0010A",2.559055,-2.165354,0.000000,top
"U6","TPS63802DLAR","TI_DLA0010A",3.070866,-2.165354,0.000000,top
"U7","MAX17048G+T10","TDFN-8-1EP_2x2mm_P0.5mm_EP0.8x1.2mm",2.047244,-2.480315,0.000000,top
"U8","PCM5102APWR","Texas_PW0020A_TSSOP-20_4.4x6.5mm_P0.65mm",2.440945,-2.677165,0.000000,top
"U9","TPA6132A2RTER","VQFN-16-1EP_3x3mm_P0.5mm_EP1.6x1.6mm_ThermalVias",3.070866,-2.677165,0.000000,top
"U10","MAX98357AETE+T","TQFN-16-1EP_3x3mm_P0.5mm_EP1.23x1.23mm",3.622047,-2.677165,0.000000,top
"U11","TCA9535PWR","TSSOP-24_4.4x7.8mm_P0.65mm",1.653543,-2.913386,0.000000,top
"U12","BM83SM1-00TA","Microchip_BM83_GroundLands",3.897638,-0.866142,0.000000,top
